Index,Wallet Address,Submitted At
1,0x4b8b800f05ce117ee08eedc389b6689432a5ea94,2026-09-17T20:12:21.000Z
2,0x4b8b800f05ce117ee08eedc389b6689432a5ea96,2026-09-19T02:31:49.758Z
3,0x4b8b800f05ce222ee08eedc389b6689432a5ea96,2026-09-19T02:31:49.758Z
4,0x404fc281f2814af771eacb7303c0c1c36a672230,2026-09-19T02:31:49.758Z
5,0x13dfbccce570462047a50e5e96e5248d7edd7f90,2026-09-19T02:31:49.758Z
6,0x229b699a78d486cab78165780cda8ff9fd893611,2026-09-19T02:31:49.758Z
7,0x584ae94fd9177d42f1808a0897675cd157b11e2c,2026-09-19T02:31:49.758Z
8,0xf21fc9ffec190a8697fcb06da8d1599853b6d3d0,2026-09-19T02:31:49.758Z
9,0x444a431172aac6d64c28bc05166cee184de962d7,2026-09-19T02:31:49.758Z
10,0x5dc25b7bacdd197f160cb2bdb869cda35155251c,2026-09-19T02:31:49.758Z
11,0xfb7c71bcc5c594b12431f0d06d230ccad2b55d95,2026-09-19T02:31:49.758Z
12,0x404ecdc56733a12a7c7c81186da4175b522bcd47,2026-09-19T02:31:49.758Z
13,0x030af717052bff57463fc0c105291a1e490665bb,2026-09-19T02:31:49.758Z
14,0xe0cdb98850c85fab0c26e00ae6e76dfc5346201f,2026-09-19T02:31:49.758Z
15,0xeb6e8716e84852a0353098ef37cecfe4b97a702d,2026-09-19T02:31:49.758Z
16,0xcbf807e500f28cc277a98c655489584dbc6303ef,2026-09-19T02:31:49.758Z
17,0xfeefca752eac3cd1bd838c5632ff6c6ff2e8e69d,2026-09-19T02:31:49.758Z
18,0xca7b410154acac712a285b95ad903e9d2cc3f27e,2026-09-19T02:31:49.758Z
19,0x6e27693611b2d82736114a849dc2104ce54363d1,2026-09-19T02:31:49.758Z
20,0x7d42cf8710a51d9123d2772492bc962137173d4b,2026-09-19T02:31:49.758Z
21,0x3207e324a34a79fe5a68a61d0f78a37621007533,2026-09-19T02:31:49.758Z
22,0x291e4ee06218ffbc05dc6d6a1bd588baf0d3581e,2026-09-19T02:31:49.758Z
23,0x7da6716527ab8d3b08123e3d39c490bbae8b80c1,2026-09-19T02:31:49.758Z
24,0x69536c4dd96f2a5db9953138f4f6f011c9be6b45,2026-09-19T02:31:49.758Z
25,0x89ddecd690eb8913309f5390cd47c32800009a41,2026-09-19T02:31:49.758Z
26,0x1bbe7927a81f05ba85c5de100855cca2043581ab,2026-09-19T02:31:49.758Z
27,0x3d9766b71d01e71a2af0dbf70550f8d2aba2cb00,2026-09-19T02:31:49.758Z
28,0x2c6544a64ab24f2570a2821958628960c020706c,2026-09-19T02:31:49.758Z
29,0x8e6124ef1d66384c83c43880aedf565930b66224,2026-09-19T02:31:49.758Z
30,0xd87abc7c4247a9049cdc4b5ea493fef7a28c6116,2026-09-19T02:31:49.758Z
31,0x5d38ca53b5b7cdf7c815285c1927604bf0e4532b,2026-09-19T02:31:49.758Z
32,0xa34f6916118abd4aecbb0a15f5ec85d76440778c,2026-09-19T02:31:49.758Z
33,0x6ae815b2d3c19c589f1d61e7898df2155d414c6f,2026-09-19T02:31:49.758Z
34,0x02c479ddf4af275f59d03d8f0b7e0954dadd0a71,2026-09-19T02:31:49.759Z
35,0xdb2e220a26c3b8da10371737de51b150c4186d4f,2026-09-19T02:31:49.759Z
36,0x1dd2e151945d1e75e887f4405573b99e8259501f,2026-09-19T02:31:49.759Z
37,0xdff663f954f8c6b10972c45f94cf4bdbeca1e8bc,2026-09-19T02:31:49.759Z
38,0x9e081ac00198ff360d9f38d43a7edab83f30ce67,2026-09-19T02:31:49.759Z
39,0xf461158d89a058a488de86a295de2fb51e594fbe,2026-09-19T02:31:49.759Z
40,0x55c6aa29eb13f2b117a94f9b363610da84cfbd88,2026-09-19T02:31:49.759Z
41,0xf458228b4c1de61c3bb6f52474efd0525875dc0c,2026-09-19T02:31:49.759Z
42,0xb9c65897af2e1f188563e477822db05d4f2143f9,2026-09-19T02:31:49.759Z
43,0x5ca2ccb0a103821195b3d1712a7941a2ab89e58f,2026-09-19T02:31:49.759Z
44,0x15f3b91d151c46634655b0030afbf12527682ee8,2026-09-19T02:31:49.759Z
45,0xa137827c9af40419cb5312d1bc32bd3068203716,2026-09-19T02:31:49.759Z
46,0x624899afbc2d7578b58c4dda074a182ed121e187,2026-09-19T02:31:49.759Z
47,0x11b637bd0d0a4e7a59e17ccd434ed8f32bd0b147,2026-09-19T02:31:49.760Z
48,0xe10a0ce0f13fd2abefcd1b73fc2e7ff2e1863523,2026-09-19T02:31:49.760Z
49,0xda39dd6434d2936f8c61b728129fc2b5ac000c97,2026-09-19T02:31:49.760Z
50,0xb06fc13e0b200aea9eb12bb426a8d8b0526ad099,2026-09-19T02:31:49.760Z
51,0x64206160d52aa6d7d9475cddcf39474509305715,2026-09-19T02:31:49.760Z
52,0xc7a70454b1d952e07475bc176c2302f32b637bfe,2026-09-19T02:31:49.760Z
53,0xc5f8ba34611fc3ec7acd541d6604208617d45a73,2026-09-19T02:31:49.760Z
54,0xaef1b002b114f705405f37a962cdbb6d958834e6,2026-09-19T02:31:49.760Z
55,0x430eeaf3be493761f60b779b3509cb18cd26c467,2026-09-19T02:31:49.760Z
56,0x58dce2268c6f95f47569bfc1e2730a4316a19d18,2026-09-19T02:31:49.760Z
57,0x4c9c3dfc457e4a8fe6c2d68c5617fba13cdad5e0,2026-09-19T02:31:49.760Z
58,0xa2d56ece135643864841a904231f107fc4d61cd4,2026-09-19T02:31:49.760Z
59,0x84fd8976a7af5afd019e0d9a24e84b9a5029a1cd,2026-09-19T02:31:49.760Z
60,0xf2e4a05cbae83fb3173becee7a31686e8a6ae3ce,2026-09-19T02:31:49.760Z
61,0x5b11b87c273d648de5ed0a59d3903a1d564f440c,2026-09-19T02:31:49.760Z
62,0x3496bebf1555394f60a0fc27451474a867169031,2026-09-19T02:31:49.760Z
63,0xe40298d3b0a50a645f9fe012191c02b2fa1e1cfb,2026-09-19T02:31:49.760Z
64,0xdfc2b096b0027989659faa9325720dd6dfcd59e7,2026-09-19T02:31:49.760Z
65,0x40fc9cce8d2407e9182bdc125529b3be24ac4f82,2026-09-19T02:31:49.760Z
66,0x9a8f4bc92527cc14c0e63b09db1480bf20435bca,2026-09-19T02:31:49.760Z
67,0x0a573d7bdcd337324947db8c6b536a0206099976,2026-09-19T02:31:49.760Z
68,0x7ed5b8ab0d30a2c7eb02804c495b1d305a95347f,2026-09-19T02:31:49.760Z
69,0xd469ccfcf90845f7dccf43e7b29dfa6312380a69,2026-09-19T02:31:49.760Z
70,0x05be68a81c65322370f9c20683b9bb2d1794ef3c,2026-09-19T02:31:49.760Z
71,0xd1fe7fac2f1c9984d61aeb2b51a041aaebbc0cf6,2026-09-19T02:31:49.760Z
72,0xb22d9c5f9e43adc8af4d2866ca21624a82ae4d2f,2026-09-19T02:31:49.760Z
73,0x14df332f3d7ebec8bffe083e174cd6dee5da9c2d,2026-09-19T02:31:49.760Z
74,0x63479865575598c49497b565b708b0deee373b1b,2026-09-19T02:31:49.760Z
75,0x0a018339491b0684d4313779d0706246c00d985d,2026-09-19T02:31:49.760Z
76,0x84d89aee781876fb823e263a768a1a10ea0091ef,2026-09-19T02:31:49.760Z
77,0xa1b557c61a56cf47e733c2bb51e122539684e54f,2026-09-19T02:31:49.760Z
78,0x10a77c99b0f51ad35c2cbda9628b0273bcb542ac,2026-09-19T02:31:49.760Z
79,0xfb17ad2fe9e083cba8e421341b1401c1685d8742,2026-09-19T02:31:49.760Z
80,0x45724c31be87b2ded3768206ff96e41312370416,2026-09-19T02:31:49.760Z
81,0x8f052ebe0d5eecd990b0f7240099ef97f14987f6,2026-09-19T02:31:49.760Z
82,0x01b24ed8323b9cfc726d02035bfc16340dd6369c,2026-09-19T02:31:49.760Z
83,0xa3ecaa2bbbce36d332f949646b255abf1020cf47,2026-09-19T02:31:49.760Z
84,0x91d362302d28b89b37eaf187984dfa19af6addc4,2026-09-19T02:31:49.760Z
85,0x69adce35320b77db037389c1db82fe6971aea3e6,2026-09-19T02:31:49.760Z
86,0xda8d8233adc7a4574413a238f17c76827f052ad3,2026-09-19T02:31:49.760Z
87,0x38c055468a0051d854faecba9b0f7cb621a842f8,2026-09-19T02:31:49.760Z
88,0xf6acaf808b1d7f8b7c38cd4cdfe5d1a1be3474de,2026-09-19T02:31:49.760Z
89,0xb8e707232a316e1a446bf01698ac1b2befa66c2b,2026-09-19T02:31:49.760Z
90,0x4798d1592902298aa02d68ddd4a12ead76bb7980,2026-09-19T02:31:49.760Z
91,0x36053bd029ccb84d9f054f713c6050c12035174c,2026-09-19T02:31:49.760Z
92,0x9154cb7551c54ec37ff779e3167f38f5ece6b5d8,2026-09-19T02:31:49.760Z
93,0xdf7c36fd5da6aff40c34fcb1531b918c0320c335,2026-09-19T02:31:49.760Z
94,0xcbebfdc36ac69083e5414d7f541cc2a40ad65778,2026-09-19T02:31:49.760Z
95,0xb246b0665ba2877fd91423836c6a733012b22dae,2026-09-19T02:31:49.760Z
96,0xe2d55ee355a90486a740eaf9cc012b7e35621ea8,2026-09-19T02:31:49.760Z
97,0xf72952f8edc0b98604b202e57aa6f50945cd8726,2026-09-19T02:31:49.760Z
98,0xf760ebcadc3f5bd8a0f722d9ca42b985993462ef,2026-09-19T02:31:49.760Z
99,0x0330a5eea3792936f7484a37267f78052cd7983e,2026-09-19T02:31:49.760Z
100,0x2272d165ff959498375c54dceb1bc61821208c2c,2026-09-19T02:31:49.760Z
101,0xd46f5cb52d863e6db8c85df2737cd3017b04f802,2026-09-19T02:31:49.760Z
102,0xcef94ae9bfe7b71128e12e5778c89ce74a6e2878,2026-09-19T02:31:49.760Z
103,0x3b3afdd744765427a60cc57f1085ac4dc503900f,2026-09-19T02:31:49.760Z
104,0xb88bad0a051a3d8049cdddfc53b974b9c2c77800,2026-09-19T02:31:49.760Z
105,0x2e909bf45d3242d3a4faf24c79df00f9b4e87f8f,2026-09-19T02:31:49.760Z
106,0x2fa6273ec19644443d008be8f0d0ed4e0e4143b2,2026-09-19T02:31:49.760Z
107,0xf23463d2d3dc16feaf25057c63101caf3bc74100,2026-09-19T02:31:49.760Z
108,0x6a1d6fbb398a6d5afbd97885f9b7287e18b42950,2026-09-19T02:31:49.760Z
109,0x158ae2ccd731059bab553d2c984dbebd836fdd10,2026-09-19T02:31:49.760Z
110,0x8da676960bc0d68fe0bbae822e6c0211582c4fe5,2026-09-19T02:31:49.760Z
111,0x7ddb209f5b10566d10ea9db5c4a17fabdf5288ac,2026-09-19T02:31:49.760Z
112,0x61a863f329e066943728a41aeeceb5f2f79a1ae7,2026-09-19T02:31:49.760Z
113,0xa2a60e56670e090a4fd41d20598ed917bf61635e,2026-09-19T02:31:49.760Z
114,0xe551ebb6942a4f925d7ba7031661c1087fcb9a2f,2026-09-19T02:31:49.760Z
115,0x8e90923e07bcb3ff0c50eaa0ea77ac9958628b80,2026-09-19T02:31:49.760Z
116,0x3df143cb11183dc19346a36867f8e8b212c7145d,2026-09-19T02:31:49.760Z
117,0x77a94a95bd34b615639703b05af6b421fec04889,2026-09-19T02:31:49.760Z
118,0xac4aa4db105e384f81c0af00a7695616ee957723,2026-09-19T02:31:49.760Z
119,0x5d76bda5bb20af75f6623d992a15303339bef715,2026-09-19T02:31:49.760Z
120,0x89e60723584e7f35ae0bbc577392930941b63410,2026-09-19T02:31:49.760Z
121,0x223e7fa33846ec303b64d0993d0e20a5ad8804f2,2026-09-19T02:31:49.760Z
122,0xfc0888f5e5538bb2e49a9fff69ba741fa3b69f7f,2026-09-19T02:31:49.760Z
123,0x3f35c6f2ec68e884abe255d7f185d6e9ed7fb4e9,2026-09-19T02:31:49.760Z
124,0xf3406acd5fd44b92a9bca8eb72873d0397f5ca81,2026-09-19T02:31:49.760Z
125,0xa90ca50fc2369b860a034a7e0e562d5bea9847a9,2026-09-19T02:31:49.760Z
126,0x649a1421497a92385e4cbef05c1a27de3babd2a8,2026-09-19T02:31:49.760Z
127,0x6a750f18f076e6b18900e48a3250938d3331f57a,2026-09-19T02:31:49.760Z
128,0x06a5b40b61a177f52f1f760ef56b31f92668a0ad,2026-09-19T02:31:49.760Z
129,0x0738698f1e5ae4a226a71cb636e1a2832fb08aae,2026-09-19T02:31:49.760Z
130,0xc4a843ddf533540474fddb7a9a03342348f6742b,2026-09-19T02:31:49.760Z
131,0x19816d09c8ebb356731c08e819989036bd9ac786,2026-09-19T02:31:49.760Z
132,0x2cbd4f4326699ddffc93c61a843ff40cf9f74305,2026-09-19T02:31:49.760Z
133,0xbbb82b40167b7150fbd864e1ce03d752e2056a06,2026-09-19T02:31:49.760Z
134,0xc85d0a899975b13fc590f07cfb67ddeb3e869f05,2026-09-19T02:31:49.760Z
135,0xbab8a019c898641c7b18fdf0035d0ebe189a29ef,2026-09-19T02:31:49.760Z
136,0x3af7b60f1bf376a23218d95cb3955f11112e3781,2026-09-19T02:31:49.760Z
137,0xf8569da30315088f0169420f56322a42d2056a6c,2026-09-19T02:31:49.760Z
138,0x8a96a70575897e957b5d455ee859925f5d7f6f65,2026-09-19T02:31:49.760Z
139,0x66530a12b6bf060ddd53312469afc8f453677680,2026-09-19T02:31:49.760Z
140,0x2bd76eb4883be5cc4ef9d59a46b45557cccbd726,2026-09-19T02:31:49.760Z
141,0x8c311522e0cea1cd1d0871712371a8d4f312ae20,2026-09-19T02:31:49.760Z
142,0xa524c745489e39837f2e17944a1145e5837780d5,2026-09-19T02:31:49.760Z
143,0x8e5d5e8b97692ea6f6642d52e80ba33fa305463e,2026-09-19T02:31:49.760Z
144,0xde20743c8c5dbd59d76f6ece474357e49b80fb55,2026-09-19T02:31:49.760Z
145,0xfa4a970213fcf08a7025636c7ddbfe94da31b36f,2026-09-19T02:31:49.760Z
146,0x990bd2c256cc01aa332a8dca0105fc0b6f020f70,2026-09-19T02:31:49.760Z
147,0x2a762ed0883500f78857f4a11ae16a4ba8834477,2026-09-19T02:31:49.760Z
148,0xd3444c8ac8270d1fe450ec86cb69edf2658f889e,2026-09-19T02:31:49.760Z
149,0x3feee558f78107a8295c05fc51d82397feadfdf2,2026-09-19T02:31:49.760Z
150,0xf757af88fef411a93c4b2b628ab5da082653f0e5,2026-09-19T02:31:49.760Z
151,0x57494c41677c2f913078bbb15eb22ba8071922ae,2026-09-19T02:31:49.760Z
152,0xd2d3eb1926fa68e2e74a99594684a0855cf525d4,2026-09-19T02:31:49.760Z
153,0xff7d02b8b79efb16f3f317cab40e538176129052,2026-09-19T02:31:49.760Z
154,0x70407963749556e7665ce06f0ddecdb13c5a1b1f,2026-09-19T02:31:49.760Z
155,0x5da5ffddb9197025141b96fee291010bd02a2f45,2026-09-19T02:31:49.760Z
156,0x96ad75ab6cfdcaf69194bdd2a096dcf1e969f5d8,2026-09-19T02:31:49.760Z
157,0x0754a80e1e0219c10e0edb730bafc2ec138b1158,2026-09-19T02:31:49.760Z
158,0x229459988bddebfdab13f1aa8909f9438cf205b4,2026-09-19T02:31:49.760Z
159,0xa304228ac7f6ac3bf508160ccf4418ccf07f53b6,2026-09-19T02:31:49.760Z
160,0x38b69a058c1439ba3271feb6c32496223d01d0e0,2026-09-19T02:31:49.760Z
161,0xd9a025606c547c0060a754bf4f3b062780aa64ec,2026-09-19T02:31:49.760Z
162,0x9bcb5e7b367596552e4c8d66b6b7176ea12a1661,2026-09-19T02:31:49.760Z
163,0xd580de6832f52ea154608fbc6c47ebca92924aad,2026-09-19T02:31:49.760Z
164,0x7b10992606202117beb68c5857af6faaf6ab006a,2026-09-19T02:31:49.760Z
165,0xb6381c2c3e9380b9fcf0ebdb001e66810f5e0bdb,2026-09-19T02:31:49.760Z